{
    "essentieleOpties": [
        {
            "categorie": "Scheepstype",
            "naam": "Sloep",
            "prijs": 9000
        },
        {
            "categorie": "Scheepstype",
            "naam": "Kotter",
            "prijs": 12000
        },
        {
            "categorie": "Scheepstype",
            "naam": "Trawler",
            "prijs": 15000
        },
        {
            "categorie": "Scheepstype",
            "naam": "Catamaran",
            "prijs": 16000
        },
        {
            "categorie": "Romp",
            "naam": "Composiet",
            "prijs": 25000
        },
        {
            "categorie": "Romp",
            "naam": "Epoxy",
            "prijs": 20000
        },
        {
            "categorie": "Romp",
            "naam": "Glasvezel",
            "prijs": 20000
        },
        {
            "categorie": "Romp",
            "naam": "Carbon",
            "prijs": 25000
        },
        {
            "categorie": "Romp",
            "naam": "Polyester",
            "prijs": 20000
        },
        {
            "categorie": "Stuurinrichting",
            "naam": "Joystick",
            "prijs": 35000
        },
        {
            "categorie": "Stuurinrichting",
            "naam": "Wheel",
            "prijs": 30000
        },
        {
            "categorie": "Motortype",
            "naam": "Outboard",
            "prijs": 40000
        },
        {
            "categorie": "Motortype",
            "naam": "Pod",
            "prijs": 50000
        },
        {
            "categorie": "Motortype",
            "naam": "Diesel",
            "prijs": 50000
        },
        {
            "categorie": "Motortype",
            "naam": "Hybrid",
            "prijs": 50000
        },
        {
            "categorie": "Motortype",
            "naam": "Jet",
            "prijs": 60000
        }
    ],
    "extraOpties": [
        {
            "categorie": "Stoelen",
            "naam": "Ventilated seats",
            "prijs": 60000
        },
        {
            "categorie": "Stoelen",
            "naam": "Memory seats",
            "prijs": 50000
        },
        {
            "categorie": "Navigatie",
            "naam": "Radar",
            "prijs": 2000.0
        },
        {
            "categorie": "Navigatie",
            "naam": "Satellite radio",
            "prijs": 1500.0
        },
        {
            "categorie": "Navigatie",
            "naam": "Autopilot",
            "prijs": 1000.0
        },
        {
            "categorie": "Navigatie",
            "naam": "Fishfinder",
            "prijs": 500.0
        },
        {
            "categorie": "Comfort",
            "naam": "Generator",
            "prijs": 10000
        },
        {
            "categorie": "Comfort",
            "naam": "Washing machine",
            "prijs": 8000
        },
        {
            "categorie": "Comfort",
            "naam": "Airconditioning",
            "prijs": 15000
        },
        {
            "categorie": "Veiligheid",
            "naam": "Boat alarm",
            "prijs": 3000
        },
        {
            "categorie": "Veiligheid",
            "naam": "Life raft",
            "prijs": 5000
        }
    ]
}